RK,TEAM,G,WINS,LOSSES,ADJOE,ADJDE,EFG%,EFGD%,TOR,TORD,ORB,DRB,FTR,FTRD,2P%,2P%D,3P%,3P%D,3PR,3PRD,ADJ T
1,Houston,34,31,3,117.1,88,52.7,42.5,15.3,22,37.1,27.4,28.5,35.8,53.2,43.1,34.5,27.8,37.8,43.7,64
2,Alabama,34,29,5,115.4,88.3,52.7,41.5,19,15.9,33.8,27.5,36.7,32.8,54.6,41.2,33.8,28.1,47.8,30.6,73.5
3,UCLA,34,29,5,113.2,87.4,50.9,46.8,15.3,23.6,33.7,27.6,27.1,27.6,50.4,46.8,34.7,31.1,29.1,39.3,67
4,Tennessee,33,23,10,111.1,86.2,50.3,42.4,18.1,22.2,36.8,26.9,30.9,34.9,51,44.6,32.9,26.2,40.4,41.6,66.3
5,Connecticut,33,25,8,118.9,92.5,53.5,45.5,18.9,19.4,39.2,26.2,31.4,38.7,53.4,45.8,35.7,30,42,30.3,67.7
6,Purdue,34,29,5,118.5,92.6,52.2,47.2,17,15.4,38.3,23.3,37.2,19.3,54.1,47.4,32.6,31.4,38.1,35.4,64.8
7,Arizona,34,28,6,119.7,95.4,56.8,47.2,18.4,16.9,31.1,26.2,36.5,26,56.6,45.9,38.2,32.8,38,38.7,73.2
8,Saint Mary's,32,25,7,111.7,89.1,52.5,46.7,16.4,19,33.1,21.8,31.2,30.3,51,45.6,36.7,32.8,37,31.8,62.8
9,Texas,34,26,8,114.6,91.6,52.7,47.8,16.5,22.8,28.3,29.4,31.5,34.5,53.8,47.2,33.9,32.7,35,35.4,69.5
10,Gonzaga,32,27,5,122.6,98.6,58.5,51.7,14.6,18.8,31.1,26,34.2,26.7,59,51.2,38.4,35,32.8,39.4,70.7
11,Marquette,34,28,6,118.9,96.1,56,51.1,15.2,22.8,26.5,32.1,27.1,29,58.8,50,34.8,35.2,41.9,37.5,69.3
12,San Diego St.,32,26,6,111.4,90.1,50.1,47.5,17.6,19.6,31.7,25.8,34.3,29.4,49.4,49.9,34.4,29.2,34.9,40.1,66.8
13,Kansas,34,27,7,112.9,91.5,52.4,47.1,17.5,20.2,28.4,28.3,29.8,31.2,52.9,47.2,34.4,31.2,34.1,35.1,69.9
14,Creighton,33,21,12,113.7,92.8,54.3,47.3,16.6,14.3,25.5,23.3,28.1,19.8,54.5,45.6,36,34.1,42,29.8,68.6
15,Baylor,32,22,10,120.9,99.5,53.1,51.4,18.1,19.9,34.7,31.1,37.2,31.4,50.8,53.3,37.2,32.2,45.3,37.8,67.7
16,Memphis,34,26,8,113.9,94.2,53.2,46.8,18.4,20.9,31,32.3,35.9,34.9,53.1,47.2,35.6,30.8,28.8,42.9,72.2
17,West Virginia,33,19,14,116.1,96.4,51.7,50.7,18.5,20.9,33.7,29.3,39.7,38.5,51.3,50.5,34.8,34.1,36.3,35,69.4
18,Xavier,34,25,9,118.5,98.5,55.6,50.4,17.5,16.5,31.8,25.4,30.8,27.1,54,48.7,39.5,35.9,31.3,34.2,71.2
19,Arkansas,33,20,13,110.7,92,52,46.5,18.3,20.4,30.5,28.2,38.8,38.9,53.8,46.9,31.7,30.6,28.2,30.1,70.4
20,Iowa St.,32,19,13,108.1,90,50.7,50.1,19.8,25.1,33.9,26.6,27.8,40,50.7,49.6,33.9,33.8,33.8,46.8,64.9
21,Duke,34,26,8,111.8,93.1,51.1,46.3,18.2,16.6,36.2,25.9,30.8,24.1,51.4,46.7,33.6,30.4,35.4,35.1,65.9
22,Texas A&M,34,25,9,113.2,94.8,49,47.9,18.3,21,36.6,30.4,45.9,35.1,49,47.4,32.8,32.3,33.7,45.9,67
23,Auburn,32,20,12,110.9,93.2,49.6,45.6,18.1,19.3,33.3,32,35.5,39.1,51,46.9,31.4,28.8,35.4,34.2,68.4
24,Kansas St.,32,23,9,110.3,93.1,51.5,47.5,20,20.7,31.1,29.2,37,36.7,51.8,48.8,34,30.1,36.3,36.8,70.7
25,Florida Atlantic,32,29,3,112.2,94.8,55,45.9,16.7,18.3,30.4,24.5,29.5,26.7,54.3,44.8,37.2,32,43.8,34.2,68.9
26,TCU,33,21,12,110.4,93.4,50.2,47.8,17.1,21.9,32.4,30.7,33.9,29.7,51.9,49.1,30.6,30.4,29.4,35,70.6
27,Virginia,32,25,7,110.4,93.5,51.3,48.3,13.7,19.7,25.5,25,34.5,26.1,50.4,46.5,35.3,34,36.1,39.7,62.1
28,Utah St.,33,25,8,115.6,98,55.6,47.8,17.4,15.8,27.4,24.8,35.5,30.2,54.1,45.9,38.5,34.3,42.1,33.8,69.5
29,Rutgers,33,19,14,103.9,88.3,47.6,45.9,17.2,21.7,32,27.6,28.5,28.2,47.6,46.1,31.8,30.5,30.3,43.1,66.7
30,Michigan St.,31,19,12,111.6,95,51.6,48.1,16.4,14.7,27.4,25.2,25.8,28.6,47.7,48.6,39.5,31.5,33.1,38.3,65.6
31,Maryland,33,21,12,111.5,95,51.1,47.9,16.2,18.4,30.2,27.2,33.8,27.8,52,47.7,33,32.1,37.5,31.7,65.4
32,Indiana,33,22,11,112.5,95.8,53.8,47.3,16.9,16.3,28,27.9,30.1,30.6,53.2,45.7,37,33.2,26.3,38.2,68.9
33,Kentucky,32,21,11,114.7,97.8,51.2,48.8,17.3,16.8,38.7,25.5,32.5,29.9,50.4,48.3,35.4,33.1,30.1,35.2,66.7
34,Oklahoma St.,33,18,15,106.3,91,49.3,45.9,20.7,19.1,31.9,28.3,32.9,31.5,51,44.7,31.1,31.8,39.4,38,68.3
35,Boise St.,32,23,9,108.3,92.8,51.9,47.3,16.7,17.7,26.4,23.8,30.7,27.4,50.7,47.8,36,31,37.9,37.4,67.3
36,Northwestern,32,21,11,106.6,91.7,47.2,48.4,14.8,21.7,28.3,27.3,29.7,31.6,46.5,46.6,32.1,33.9,41.2,42.4,65.6
37,Iowa,32,19,13,118.9,102.7,51.9,53.3,14.1,18.5,32.2,27.6,32.6,23.4,52.1,52.6,34.3,36.6,37.4,32.2,70.4
38,Ohio St.,35,16,19,115.5,99.8,52,48.9,16.1,15.9,31.5,28.6,26.6,28.1,50.6,49.3,36.8,32.1,31.7,36.7,66.8
39,North Carolina,33,20,13,111.2,96.1,49.2,48.7,15.2,14.9,30.4,23.3,37,26.3,50.8,48.4,31.1,33,37.7,32,69.7
40,Miami FL,32,25,7,117.3,101.4,55,51.3,16.4,18.1,32,29,30,24.1,54.9,51.8,36.8,33.6,34.6,37.7,69.5
41,North Carolina St.,33,23,10,113,97.8,51.8,49.8,13.6,19.1,30.7,26.6,25.3,34,51.5,50.6,34.9,32.2,37.6,33.5,70.1
42,Penn St.,35,22,13,115.4,99.9,55.5,49.2,13.7,13.1,18.8,25.1,21.4,25.9,53.5,48.8,38.5,33.3,47.4,37.5,65.3
43,Illinois,32,20,12,109,94.4,51.6,46.9,18.2,18.6,32.3,26.8,33.8,29.6,55.3,45.3,30.9,33.6,41.9,30.9,70.5
44,USC,32,22,10,110.8,96.4,51.3,45.2,18.1,18.1,29,33,33.8,29.8,51.1,42.4,34.5,33.4,33,37.4,68.9
45,Oregon,33,19,14,112.6,98,51.1,48.4,18.2,16.5,32.8,25.9,31.2,24.7,53.3,46,31.9,35,39,37.2,66.8
46,Liberty,31,23,8,110.6,96.4,55.8,49.5,16,19.4,25.8,20.1,25.8,27.8,56.7,47.6,36.5,35.1,48.6,37.1,65
47,North Texas,31,24,7,107.6,93.9,51.1,45.3,19.9,20.2,33.8,27.5,32.2,41.2,49.3,45.1,35.7,30.6,40.6,34.5,59.3
48,Michigan,32,17,15,110.9,96.9,51.2,47.8,14.8,14.8,25.4,26.1,30.8,26.2,50.8,47.8,34.6,31.9,37.6,33.6,68.3
49,Providence,32,21,11,114.9,100.4,51.5,50,16.9,16.9,35.2,26.7,36.8,25.5,50.9,49.6,35.1,33.9,31.6,33.9,67.7
50,UAB,33,24,9,111.6,97.6,50.8,47.9,17.4,19.5,35.7,28.8,36.6,30.7,49,47,36.5,32.9,32.2,37.4,71.6
51,Cincinnati,32,20,12,110.6,96.8,51.7,47.7,15.1,17.1,30.2,27.5,25.8,29.3,50.7,47.8,35.5,31.5,40.2,30.7,69.2
52,Washington St.,33,17,16,110.6,96.8,50.4,49.6,18.5,16.5,31.8,25.9,28.2,28.5,46.6,50.4,36.9,31.9,43.1,32,64.9
53,Oklahoma,32,15,17,109.3,95.8,52.4,48,20,15.5,23.7,27.2,30.1,30.1,52.2,48.5,35.1,31.2,37.4,30.7,65.9
54,New Mexico,32,21,11,114.2,100.2,53,50.4,15.7,17.6,28.3,27.3,39.5,29,52.7,50.8,35.9,33.2,26.9,39.4,72.3
55,Texas Tech,32,16,16,109.4,96.3,52.3,48.9,19.9,19.9,32.1,30.1,34.8,28.4,52.6,49.1,34.5,32.4,36.8,42.8,68.1
56,Utah,32,17,15,106.6,93.8,48.9,45,18,15.2,31.3,27.4,29.2,24.4,48.4,44.9,33.3,30.2,37.6,35.1,66.9
57,Clemson,33,23,10,110,96.8,54.4,47.4,16.3,16.6,23.5,24.5,30.7,30.8,53.6,45.8,36.9,33.2,40.1,40.4,68.8
58,Seton Hall,31,16,15,105.1,92.7,49.4,47.6,20.4,21.3,30.8,30.3,40.5,31,49.2,48.2,33.2,31,32.7,37.5,67.3
59,Missouri,33,24,9,117.5,103.8,55.1,52.3,16,24.3,26.8,37.3,29.5,35.2,55.9,51.7,36.1,35.4,43.3,44.1,70
60,Colorado,33,17,16,105.3,93.3,49,47.7,19.2,19.6,31.3,25.3,30.3,32.2,49.6,47.7,31.9,31.8,34.7,34.4,70
61,Arizona St.,34,22,12,105.8,93.8,47.5,46.4,16.9,20.6,29.6,31.8,30.8,33.4,47.9,43.8,31.4,33.6,39.5,39.1,69.1
62,Mississippi St.,33,21,12,102.4,90.8,46.9,46.2,19.3,22,35.2,29,34.6,27.6,50.5,46.2,26.6,30.8,34.5,44,64.5
63,UCF,32,18,14,108.1,95.9,50.6,48.2,19.4,21.6,33.9,31,29.7,33.4,48.1,49,35.9,31.3,42.4,38.7,65.1
64,Nevada,31,21,10,108.8,96.7,50.5,49,15.2,18.7,22.9,25.1,39.5,31.4,50.3,49.3,33.8,32.5,37.4,42.2,66.8
65,Dayton,34,22,12,108.3,96.2,53,45,18.8,16.1,30.7,27,35.5,23.9,54.3,45.7,33.8,29.3,37.3,38.7,63.2
66,Drake,33,26,7,107.9,96.1,53.1,47.3,15.5,17.7,24.3,22.4,28.8,26.7,51.9,47.5,36.7,31.2,36.3,38.4,67.1
67,Sam Houston St.,28,21,7,104.4,93,51,48.4,20,23.2,31,25.1,33.5,39,47.1,46.9,38.5,33.4,36.9,46.4,65.2
68,Villanova,33,17,16,112,99.8,52,50.8,15.6,17.2,22.6,25.3,30.7,27.5,52.9,51,34,33.7,48,41.5,64.4
69,Iona,34,27,7,108.8,97,51.8,45.9,15.3,20.9,32,30.5,29,31.2,50.8,47,36,29.2,32.1,34.5,69.5
70,Virginia Tech,33,19,14,112.9,100.8,54.2,50.6,14.8,16.3,26.1,27.4,26.4,24.9,54.1,50.4,36.2,34.1,39.6,35.8,67.3
71,Florida,32,16,16,105.7,94.4,49.8,45.9,15.7,17.6,23.5,30.5,35.1,29.8,50.9,45.4,31.9,31.4,36.7,30.5,70.3
72,Wisconsin,31,17,14,104.6,93.5,48.5,50.3,13.5,18.6,22.4,25.4,24.1,28,45.8,51.3,35,32.3,40.5,35.8,63.7
73,VCU,34,27,7,104.2,93.1,52.2,47,19.5,24.1,29,29.8,41.8,30.5,52.3,46.2,34.7,32.3,32.8,34.1,68.8
74,College of Charleston,33,30,3,109.2,97.7,51.5,47.9,16.7,19.3,35.1,25.5,32.7,24.7,52.9,49.1,33.3,30.3,47.4,32,71.8
75,Kent St.,32,26,6,106.1,95.1,51.3,47.2,16.3,22.6,30.9,30.2,32,38.8,52.2,47.8,33.2,30.9,38.6,40.7,68.8
76,Utah Valley,30,22,8,105.4,95.1,51.6,44.1,19.5,16.8,29,29.4,36.8,29.8,52.6,42.5,33,31.6,33.6,33.1,70.5
77,Pittsburgh,33,22,11,112.5,101.5,53.2,49.2,16.4,16.7,30.4,28.2,32.4,30.6,52.7,48.6,36,33.4,44.1,39.8,68.1
78,Oral Roberts,30,26,4,111.9,101.2,56.1,48.5,13.2,17.6,24.5,27.4,24.6,22,56.6,46.6,37,34.2,45.8,39.9,71.2
79,Yale,27,19,8,107.4,97.3,53.3,46.9,16.5,18.3,28,23.1,31.1,33.3,53.1,45.5,35.8,32.7,34.9,40.4,66.7
80,Wake Forest,33,19,14,111.2,100.8,54.2,51.6,17.1,17.3,24.8,26.6,32.1,26.7,54,51,36.4,35,45.4,38.6,70.3
81,Vanderbilt,34,20,14,113.3,102.9,50.1,49.2,16,15,31,31.7,32.3,31.7,49.2,50.4,34.2,31.4,42.2,36.9,67.3
82,Santa Clara,31,22,9,109.3,99.3,52.5,50.8,17.1,16.5,30.2,24.5,30.9,25.8,50.5,48.6,37.4,36.2,36.4,39,70.7
83,BYU,32,17,15,106.5,96.7,51.5,49.5,20.2,18.5,31.8,24.1,32.5,37.8,53.1,48.8,32.7,33.7,39.5,38.1,70.4
84,Stanford,33,14,19,112.2,102,52.4,51.5,18.9,18.3,31.2,26.4,29.4,28.6,51.1,50.4,36.3,35.4,39.7,40.8,66.5
85,St. John's,33,18,15,107,97.4,49.4,50.2,18.7,19.7,34,27.6,27.7,29.6,49.3,49.2,33.1,34.5,27,39.4,74.2
86,Marshall,31,23,8,109,99.5,52.6,47.7,15.5,20.1,31.7,32.6,26.2,28,53.9,47.7,33.6,31.9,36.9,34,72.8
87,Bradley,33,24,9,104.8,96,52.9,46.6,17.9,19.4,29.2,24,27,31.6,52.7,45.6,35.5,32.2,39.4,38.3,65.9
88,Toledo,33,26,7,118.2,108.8,56.6,52.4,13.8,18.3,29.9,31,35.1,27.5,54.8,51.9,39.9,35.5,35.6,37.8,70.3
89,Wichita St.,32,17,15,105.9,97.6,50.7,47.5,18.2,16.9,29.1,28.2,30.8,25.9,53.3,45.4,30.9,33.6,37.2,40.8,66.8
90,Hofstra,32,23,9,107.9,99.5,55.2,46.2,15.7,18.5,23,31.3,21.4,25.2,55.2,46.1,36.8,30.9,39.2,36.6,68.1
91,UNLV,31,18,13,105.9,97.7,49.2,52.4,17.5,24.7,27.9,31,35.5,31,47.9,50.9,34.1,36.1,40,44.5,70.3
92,Louisiana Lafayette,30,23,7,110.8,102.3,53,50.6,17.5,18.1,33.8,26.4,37.7,33.8,52.2,49.2,36.6,35.9,31.7,29.9,69.2
93,UC Irvine,32,21,11,106.4,98.3,52.3,45.7,17.6,17.5,26.9,26.2,30.1,36.6,50,44.4,38,32.1,32.3,35.2,70.1
94,Indiana St.,33,21,12,108.7,100.6,56.4,48.2,16.7,17.5,21.7,22.7,31.9,31.4,58.8,48.5,35.7,31.8,46.2,36.1,71.5
95,Furman,31,24,7,111.9,104.1,55.6,50.6,15.8,18.4,29.6,27.1,34.7,31.8,59.1,51.2,34.4,33.1,46.4,35.2,69.1
96,Southern Miss,29,22,7,106,98.8,51.2,47.6,17.5,19.7,30.9,28.7,32.8,30.4,52.4,47.2,32.7,32.2,37.2,38.2,69.2
97,Montana St.,32,23,9,104.1,97,50.9,49.4,17.6,20.1,25.7,25.5,44.4,35.5,52.4,48,32,34.8,33.3,34.2,67.1
98,San Francisco,33,19,14,108,100.6,53.6,49.9,19.6,17.6,28.5,26.5,32.2,38.1,52.6,49.4,36.4,33.8,49.2,34.9,69.5
99,Nebraska,32,16,16,104.5,97.4,51.7,49.9,18.6,17.7,24.7,28.3,28.2,21.9,53.4,49,32.6,34.1,36.7,43.6,67.6
100,Saint Louis,32,20,12,109.8,102.4,52.1,48.3,17.3,15.3,29.7,26.5,29.1,32.7,51.8,46.6,35.2,34,32.5,38,69.9
101,South Alabama,33,17,16,106.4,99.2,52.8,46.6,14.6,16.1,20.9,28.4,22.3,28.3,53.4,47.9,34.5,29,37.5,28.7,66.3
102,Tulane,31,20,11,108.4,101.5,52.4,50.4,15.1,19.3,19.3,30.5,35.4,29.6,53.4,48.2,33.8,35.7,38.1,42,73.7
103,Vermont,32,22,10,107.9,101.2,54.9,50.7,14.2,16.8,19.3,22.5,28.4,26.9,55.5,50,36.2,34.6,43.3,36.1,65.4
104,Temple,32,16,16,106.6,100.1,49.7,48.7,19.8,16.5,28.7,29,34.6,31.5,49.9,47.9,33,33.6,43.6,33.7,66.8
105,San Jose St.,32,19,13,108.1,101.6,50.4,48.7,18.8,13.2,34.4,24.3,27.4,28.9,51.2,46.8,32.8,34.7,41.3,35.5,63.3
106,Colorado St.,32,14,18,110,103.8,54.8,52.2,16.7,17.9,19.6,27.1,29.8,29.6,55.8,51,35.5,35.8,38.4,43.1,67
107,Princeton,27,19,8,107.6,101.6,52.5,48,16.9,14.5,28.4,22.8,32.2,29.3,53.5,47.2,34,33.1,40.7,32.6,68.1
108,James Madison,30,19,11,104.5,98.8,51.5,49.4,18.6,21.4,31.3,27.6,38.9,31.8,51.4,50.7,34.5,31.5,37,37.3,71.2
109,Washington,32,16,16,103.3,97.6,48.8,47.1,19.9,18.4,26.4,34.6,31.7,25.4,50,48.6,31.3,29.7,36.6,37,69.9
110,Duquesne,32,20,12,107.3,101.5,51,50.2,17.2,20.9,33.4,33.2,26.6,35.1,48.6,48.8,36.5,35.3,39.7,33.9,68.8
111,Mississippi,33,12,21,105.2,99.6,47.5,49.5,18.3,18,33.3,29.9,29.2,30.3,48.6,48.9,30.3,33.8,34.7,34.4,66.8
112,Charlotte,32,18,14,106.5,100.8,54.8,50.2,17.3,17.6,22.9,23.8,24.3,25.4,53.6,49,37.6,34.7,40.6,38.5,61.2
113,Colgate,33,25,8,111.7,105.8,58.6,51.9,14.9,17.6,24.9,24.1,27.6,20.3,57.1,51.5,40.9,34.9,34.8,36.9,68.4
114,UNC Greensboro,30,18,12,101.5,96.2,50.6,47.8,17.8,19.3,29.2,26.5,32.4,31.4,49.3,46.8,35.1,32.8,39.1,41.2,66.6
115,Akron,31,20,11,106.9,101.6,51.9,49.7,16.6,17.8,29.8,26.5,33.7,28,51.5,48.1,35,35,43.9,35.3,66
116,Grand Canyon,32,21,11,109.8,104.5,52.9,47.2,18.4,15,30.5,30.3,37.8,33.2,50.5,46.8,37.6,32,40.8,32.8,65.7
117,Butler,32,14,18,100.8,96,49.5,50.1,17.6,18.6,20,30.3,25.9,22.6,49.7,51,32.7,32.1,35.8,33.2,66.5
118,Southern Utah,30,18,12,108.3,103.3,51.7,52.5,18.6,18,28,25.4,41.3,32.9,51.5,51.2,34.7,36.6,37.7,35.8,72.4
119,Kennesaw St.,31,23,8,105,100.5,52.9,51.2,17.9,19.6,27.5,25.8,36.5,36.2,51.3,50.5,37.1,34.8,37.9,39.3,69.3
120,Middle Tennessee,31,17,14,104.8,100.3,51.2,51.6,19.3,21.8,31.9,29.2,29.4,34.6,51,50.2,34.3,36.2,35.5,34,67.6
121,UC Santa Barbara,32,25,7,108.7,104,54.2,49.8,16.8,18.7,26.6,26.1,34.9,29.2,54.8,48.9,35.1,34.5,29.1,31.1,65.4
122,Loyola Marymount,30,18,12,107,102.5,53.1,51.8,18.3,16.2,30.2,24.6,31.6,34.9,51.9,52,36.5,34.3,43.1,33.1,67.9
123,Cal St. Fullerton,31,18,13,102.7,98.6,49.4,48.6,17.4,20.5,25.9,29.4,38.7,33.4,46.5,49.2,36.2,31.7,37.5,39.1,65.5
124,Penn,29,16,13,108.6,104.6,53.3,49.3,18.9,14.9,30.1,27.9,29.5,31.2,52.7,49.1,36.2,33,38.3,43.8,67.7
125,UMass Lowell,32,24,8,106.3,102.5,53.5,47,20,19.7,35.7,27,33.8,33.9,52.2,44.9,37.7,34.2,31,32.6,69.4
126,Belmont,31,20,11,109,105.2,55.3,51.1,16.8,17.7,25.4,30,24.3,29.3,53.2,49.8,38.9,35.6,41.5,33.5,69.1
127,Tarleton St.,29,13,16,103.2,99.7,47.5,53.1,18.2,24,25.7,30,48,47.1,46.6,52,33.5,36.3,24.7,43,67.3
128,Syracuse,32,17,15,108,104.4,51.6,51.2,17,18.7,30,33.6,30.7,21.7,50.5,50.9,36.1,34.4,29.2,48.3,68
129,Towson,33,21,12,106.6,103.3,51.1,48.6,18.4,17.7,35.7,26.7,29.8,29.5,49,47.7,36.7,33.2,34.5,39.9,65.4
130,Hawaii,32,21,11,100,97.2,48.6,44.5,18.6,16.4,29.6,26.5,33.6,27.2,48.2,44.5,32.8,29.5,37.1,26.1,65.3
131,Davidson,31,15,16,105.7,103,50.1,50.8,16.2,17.3,24.9,27.8,32.8,26.7,51.3,51.5,31.9,33,36.6,36.8,66
132,Fresno St.,30,10,20,101.7,99.2,49.3,51.2,18.1,19.7,24.9,28.2,24.3,32.1,51.1,48.3,31.1,37.3,40.7,37.6,64.8
133,Air Force,32,14,18,104.8,102.2,54.2,49.3,19,17.1,22.3,28.6,31.2,35.2,54.8,51.9,35.6,29.3,44.8,32.9,63.8
134,Stephen F. Austin,29,16,13,103.6,101,51.5,51.4,21.3,23.8,31.6,32.2,38.9,41.8,49.2,51.7,38,34,28.7,36.7,69.9
135,Eastern Washington,31,21,10,108.3,105.7,56.5,49.9,19.9,15.9,28.1,25.9,32.1,29.6,58.8,50.7,35.7,32.5,43.9,43.6,69.2
136,Utah Tech,30,11,19,106.7,104.3,53.2,53.8,21.4,20,28.7,26.8,44.8,35,50.9,53.3,37.6,36.5,41.7,36.6,69.4
137,Georgia,32,16,16,103,100.7,47.1,49.8,19.3,16.8,30.5,30.5,40.5,28.9,46.8,51,31.7,31.9,38.2,36.7,68.4
138,South Florida,32,14,18,104.6,102.2,50.8,49.8,19.6,18.7,33,27.8,30.7,37.1,51,48.2,33.6,34.9,37.1,38.6,69
139,Notre Dame,32,11,21,108,105.7,52,52.1,13.4,13.6,19.6,26.5,23.3,26.5,50.6,52.4,35.8,34.3,43,36.1,65.5
140,Samford,28,18,10,107.2,104.9,53.6,51.9,17.9,19.8,28.2,27,41,37.6,52.6,49,36.5,37,45.6,44.4,68.7
141,LSU,33,14,19,104.6,102.4,47.3,51.8,18.4,17.5,31.7,28.8,33.7,30.3,46.2,52.1,32.7,34.3,38.9,41.6,66.6
142,Southern Illinois,32,22,10,98.9,97.1,51.7,47.6,19.3,19.6,22.8,27.3,30.6,29.8,54.6,46.7,32.2,33,46.6,34.1,64.5
143,DePaul,33,10,23,105.6,103.7,49.7,51.6,18.2,17.7,25.8,34.1,27.6,35.7,46.3,51.1,36.8,35,37.8,34.7,69.5
144,Cornell,26,15,11,110.3,108.3,54.8,55.7,16.7,21.9,28.8,29,28.5,30.9,57.5,56.6,34.5,36.2,47.9,39.8,71.8
145,Georgia Tech,31,13,18,103.1,101.3,48.5,50.1,15.6,15.9,27.5,29.9,23.5,30.8,47.4,52,33.4,31,38.9,35.2,67.3
146,Troy,30,17,13,102.1,100.5,49.4,48.6,18.7,21.1,30.3,30.1,32.5,34.6,51.2,48.4,31.2,32.7,40.9,35.8,68.5
147,Missouri St.,31,16,15,102.9,101.2,50.1,49.3,19.1,18.6,33.2,26.9,27.2,30.4,50.9,49.5,32.8,32.6,43.1,39.1,62.8
148,Ohio,32,18,14,108,106.3,52.4,51.6,16.2,17.6,32.8,28.9,27.5,33.9,50.1,51.9,37.3,34.1,38.5,39,68.9
149,Long Beach St.,31,15,16,104.2,102.6,48.4,49.8,18.7,18.2,34.6,28,34.4,30,49.4,48.8,30.2,34.2,23.6,39.7,73.7
150,Seattle,30,18,12,100,98.6,46.3,48.8,16.9,17.8,29.9,26.6,32.4,33.3,46.4,49,30.9,32.3,44.7,34.7,69.7
151,Portland,31,12,19,108.3,106.9,53.8,54.5,18,16.9,24.1,30.2,43.3,27.7,51.8,53.2,37.4,37.4,45.4,43.8,70
152,Wyoming,30,8,22,106.2,104.9,51.6,53.4,18.2,16.4,24.2,25.3,33.4,28.9,51.3,52.6,34.7,36.4,45.5,39.4,66.4
153,UNC Wilmington,32,22,10,101.2,99.9,48.9,49.2,18.6,20.7,27.8,28,39.7,37.6,48.3,51.2,33.3,30.5,34,36.4,66
154,Eastern Kentucky,30,17,13,102.1,101,47.6,49.5,17.2,18.4,33.3,30.1,24.8,25.7,47.8,48.5,31.5,34.1,36.4,40,70.9
155,Youngstown St.,31,22,9,110.1,108.9,55.1,51.7,15.7,18,30.8,28.6,29.6,26.4,55.2,51.7,36.5,34.5,34.6,33.8,68.8
156,Appalachian St.,29,13,16,100.2,99.1,48.7,47.9,16.3,17.1,24.5,28.8,29.3,24.8,48.3,46.5,32.9,33.4,38.3,38.3,65.8
157,Richmond,33,15,18,101.5,100.5,51.2,49.6,17.1,17.1,21,25.4,33,26.2,52.4,49.7,33,32.9,44.1,40.3,66.1
158,Cal Baptist,31,15,16,101.6,100.7,49,47.6,18.1,16,28.9,26.1,31.6,29.3,49.2,49,32.5,29.7,43.5,32.6,64.8
159,George Mason,33,20,13,100.5,99.7,51.9,47.9,20.2,16.9,27.9,24.8,37.1,33,51.5,49.4,35,30.1,38.7,35.1,67.1
160,Fordham,33,25,8,100.6,99.9,48.6,47,19.1,19.3,29.9,25.2,37.6,37.4,49.1,46.5,31.8,32,41.7,30.6,70.3
161,Louisiana Tech,30,12,18,104.1,103.5,50.9,54,19.9,21.3,30.1,28.1,28.4,38.5,50.3,51.1,34.5,38.5,41.1,42.9,67.3
162,Montana,30,16,14,107,106.3,53.8,51.2,17.3,15.9,24.4,25.1,29.1,37.9,52.4,52.5,37.3,32.5,39.8,35,64.3
163,Brown,27,14,13,99,98.4,50.7,51.2,19,19.7,23.4,23.7,29.8,26.9,49.8,50.4,34.7,35,39.9,37.1,70.1
164,SMU,32,10,22,101.9,101.5,47.4,51.8,18,18.7,28.1,30.5,33,32.8,47.8,51.4,31.1,34.9,33.7,37.1,70.2
165,UC Riverside,33,21,12,104.7,104.3,50.5,51.3,18,17.2,31.8,22.9,26.2,38,48.8,51.5,35.6,34,37.7,29.2,67.6
166,UC Davis,30,16,14,102.5,102.2,49.8,50.7,20.6,20.8,32.2,28.6,42.8,31.5,49.6,48.9,33.5,36.7,35,30.4,71.3
167,Longwood,30,18,12,102.7,102.3,50.2,51.2,17.8,21.5,32.1,26.9,33.6,33.5,49.5,50.5,34.3,34.7,37.2,41.9,66.7
168,UTEP,30,12,18,98.1,97.9,48.6,51.1,22.9,22.9,33.3,29.7,38.8,37.3,50.7,51.8,29.1,33.2,29.9,37.4,67.5
169,Chattanooga,32,15,17,107.2,107,54,50.9,17.5,15.3,27.3,26.7,32,30.2,51.8,50.6,37.3,34.2,52,42.8,68.9
170,Cleveland St.,32,20,12,103.1,102.9,49.5,48.2,17.4,20.5,35.2,35,30,30.7,50.7,48.8,30.8,31.5,26.6,37.6,66.3
171,Boston College,33,16,17,101.2,101,48.7,51.5,18.3,18.3,27.6,28.3,27.3,27.6,49.2,49.1,31.9,36.8,31.5,39.5,67.3
172,Ball St.,30,18,12,106.4,106.3,53,51,17.8,16.7,30.5,28.4,42.3,31.3,51.7,47.7,36.9,38.4,36.8,33.2,68
173,Northern Kentucky,32,20,12,101.1,101.1,49.8,51.3,17.5,23.2,31.3,32.8,27.4,30.8,47.7,48.9,35.2,36.7,40.7,38.9,62.6
174,Radford,31,17,14,103,103.1,51.5,52.6,18.4,20.3,30.7,27.9,28.8,32.3,50.5,53.5,35.7,34,32.7,37.4,65.3
175,Pacific,31,14,17,106.1,106.1,52.6,54,16.2,17.9,22.9,31.2,33.1,36.4,49.6,55.1,38.3,34.9,38.8,40.6,70.5
176,Stetson,28,15,13,111.4,111.5,54.1,53.3,15.8,14.5,28.7,28.3,25.5,29.5,51.1,52.7,38.6,36.2,43.9,37.3,65.2
177,Lipscomb,30,17,13,102.6,103,53.7,50.2,17.3,15.6,25,24.6,23.6,23.3,53.5,49.4,36,34.3,37.8,39,70
178,Western Kentucky,31,15,16,102.9,103.3,49.6,50.7,17.1,18,25.9,31,32.3,25.6,48.5,48,34.4,36.2,36.2,42.1,68.1
179,Harvard,26,12,14,98.6,99,49.5,48.8,19.8,18.4,30.3,24.3,31.2,25,52.1,50,30,31.2,36.7,39,66.7
180,Quinnipiac,31,19,12,102.7,103.2,49.9,48.1,18.1,16.5,32.2,27.6,33,27.1,47.4,48.5,36.1,31.6,37.8,36.8,70.5
181,Grambling St.,31,22,9,97.9,98.4,50,44.6,21.2,21,31.5,31.6,41.5,41.1,48.8,43.2,35.5,31.2,27.4,38.2,66.8
182,Saint Joseph's,33,16,17,102.8,103.5,50.2,50.5,18.2,18.9,28.9,30.7,34.2,32.8,50.9,50.1,32.9,34.1,45.9,42.1,69.9
183,North Carolina Central,26,14,12,99.6,100.6,50.9,48.9,22.6,21.6,32.3,29.6,34.2,35.5,50.1,49.9,35,31.3,34.7,36,68.5
184,St. Bonaventure,32,14,18,99.7,100.7,49.2,48.6,18.8,19.4,27.5,29.2,29.5,40.9,47.5,52.1,34.8,28.7,36.2,39.4,66.4
185,Drexel,31,16,15,99.5,100.5,49.4,47.4,17.9,18,29.4,27.4,30.1,24.2,50.6,46.2,31.8,33.5,40.3,28.4,64.2
186,Buffalo,30,13,17,102.6,103.8,49.5,52.5,19.2,18.3,32.2,29.1,32.1,36.4,50.9,52.3,31.2,35.3,34,35.4,73
187,UNC Asheville,32,25,7,101.2,102.4,53.9,48,20,17.9,25.8,28.7,41.3,26.8,51.4,49.1,38.8,30.5,37.2,34,69.1
188,Pepperdine,29,7,22,103.1,104.4,52,52.5,18.3,16.6,25.9,30.5,26.8,32.6,51.6,51.6,35.1,36.2,36,33.5,72.9
189,George Washington,31,15,16,108.2,109.9,53,52,17.6,15.5,26.5,29.7,34.5,27.7,56,51.7,32.1,34.9,38,39.7,69.6
190,Old Dominion,30,18,12,101.2,102.8,46.4,48.3,17.1,17.7,32.8,29,36.2,34.7,46.1,48.8,31.5,31.7,29.8,42.4,65.7
191,Texas A&M Corpus Chris,29,19,10,104.4,106.2,51.2,52.4,18,20.9,32.5,27.9,34.4,38.6,49,54.1,36.9,33.3,34.9,41.1,69.9
192,Texas St.,32,14,18,103,104.7,48.2,50.9,17.9,18.6,31.6,28.5,32.5,41.7,48.6,49,31.4,36.4,25.5,33.2,64.3
193,Florida Gulf Coast,31,16,15,103.3,105,51.2,50.7,17.1,17.3,26.6,28.8,28.2,28.1,50.1,51.1,35.1,33.4,44.9,41.2,67
194,East Carolina,33,16,17,100.9,102.7,47.1,49.2,19.2,17.4,33,28.9,37.1,33.1,46.9,49.2,31.6,32.9,41.6,34.5,68.2
195,St. Thomas,31,17,14,106.3,108.2,51.8,51.9,15.1,17.3,24,28.8,30.7,31,51.2,52.6,35.1,33.7,44.9,35.6,66.8
196,Florida St.,32,9,23,103.7,105.6,49.3,53.1,17.6,17.1,25.9,31.5,30.4,30.9,49.2,50.8,33,37.6,34.5,41.1,69.5
197,Georgia Southern,30,14,16,98.9,100.8,48.2,49.5,16.3,18.3,25.8,27.3,27.9,34.6,48.4,49.4,31.8,33.2,33.9,36.7,67.3
198,Georgetown,32,7,25,103.5,105.5,47.1,53.6,17.5,15.9,28.9,30,29.1,24.5,47.5,50.5,30.9,38.9,31,39.6,69.5
199,Wright St.,31,16,15,102.5,104.5,53.5,50.3,17.3,17.2,26.2,26.6,24,27.6,53.9,51.2,35.1,32.6,28.2,37.8,72
200,FIU,30,12,18,101.6,103.7,52.1,52.1,20.6,22.8,25.5,36.7,28.7,30.6,53.8,50.4,32.8,36.5,35.7,39.8,70.7
201,Gardner Webb,29,13,16,97.5,99.6,50.7,49.1,19.5,20.3,28.5,25.1,34.8,39.6,51.5,47.4,32.8,34.7,33.6,37.7,66.9
202,Abilene Christian,26,9,17,103.4,105.6,49.2,56.5,17.3,23.3,25.5,28.6,32.3,45.6,48.1,56.2,34.3,38.1,33.4,33.6,69.9
203,Navy,30,17,13,101.5,103.8,51.5,50.4,17.3,19.5,29.9,28,23.7,30,49.3,49.8,36.9,34.2,36.1,37.9,65.2
204,South Dakota St.,31,18,13,101.4,103.9,51.7,50.9,17.1,17.3,21.5,26,28.1,23.1,51.2,51.7,35.1,33.2,38.2,40.3,67.5
205,Massachusetts,31,15,16,99.1,101.6,46.4,50.2,20.2,19.2,34.5,27.9,32.2,32.4,45.2,50.5,32.8,33.1,29.7,40.7,71.4
206,Weber St.,31,16,15,98.1,100.6,50.8,52.8,19.2,19.3,21,22.4,33.7,31.7,51.8,51.1,32.8,36.8,37.4,41,65.8
207,New Mexico St.,21,6,15,103.3,106.1,50.2,53.7,18.3,19.1,27,26.5,34.7,37,48.8,52.5,35.1,36.8,36.4,45.5,69.8
208,Queens,30,15,15,105.6,108.5,51.2,53,17.6,15.7,29.7,26.1,35.9,25.4,50.5,53,34.8,35.3,44.1,36.5,70.6
209,Minnesota,31,9,22,100.7,103.5,49,50.5,19.6,14.8,25,30.8,30.8,24.8,49.2,49.1,32.5,35.9,35.5,31.3,66.4
210,Siena,32,17,15,100.3,103.3,49.3,49.6,19.5,18.5,30.5,26.8,34.5,33,47.8,49.4,34.9,33.5,34.5,28,67.6
211,Rice,30,15,15,105.7,108.9,53.4,54.6,18.5,15.9,23.2,26.2,32.8,26,53.7,54,35.3,37.1,42.8,36.8,70.6
212,Bryant,28,15,13,102.9,106.1,52,50,18.7,15.8,29,25.2,32.9,31.9,53.4,49.3,33.3,34.1,39.1,39,72.8
213,San Diego,29,9,20,108.5,111.9,51.1,58.2,16,17.3,27.9,29.7,30.9,33.4,50.4,55.9,34.8,41,36.4,41.7,69.4
214,Northern Iowa,31,13,18,101.4,104.7,51.3,53.8,17.7,18.2,22.6,22.4,31.1,26.5,51.7,53.6,33.7,36,38.8,47,68.1
215,Oregon St.,31,10,21,97.9,101.2,46.5,49.6,20.8,18.2,25.3,30.6,33.9,33.9,45.7,49.1,31.9,33.7,37,38.8,64.3
216,Jacksonville,26,10,16,99.7,103.2,50.6,49.8,19.1,14.3,23.9,25.7,22.8,27,51,51.4,33.3,32.1,39.5,49.5,61.7
217,La Salle,34,15,19,102,105.8,48.5,51,18.1,17.9,30.5,30.5,28.3,31.6,46.9,50.6,34.2,34.5,35.6,34.9,68.5
218,Detroit,32,13,19,108.6,112.8,51.4,53.6,17.6,17.1,35.8,29.7,27.2,28.9,46.4,52.6,38.7,36.8,42.7,39.4,67.9
219,Murray St.,31,16,15,104,108,49,51.9,16.2,15.6,27.4,27.3,33.2,24.4,49.1,53.2,32.6,33.4,32.7,42,67.4
220,Norfolk St.,29,18,11,104.6,108.8,52.2,50.2,19.8,19,33.4,30.6,39.5,36.3,53.8,48.3,32.7,34.9,35,47,66
221,Mercer,31,12,19,98.6,102.5,48.9,48.8,18.2,17.4,30.4,27.6,28.6,35.9,48.8,48.4,32.7,33,30.5,34,65.2
222,Rider,29,15,14,103.5,107.8,49.5,50.3,17.8,16.5,33.8,28.3,29.3,38.6,49.4,47.5,33.3,36.2,25.9,42.7,65.8
223,Morehead St.,28,17,11,99.4,103.6,49.5,49.8,18.9,15.8,27.3,24.6,35.9,28.3,47.1,50.1,35.6,32.7,37.9,31.2,64.3
224,Delaware,32,16,16,101.5,105.9,49.6,51.8,16.5,18.6,25,29.8,33,29.4,50.5,50.1,32,36.6,36.5,34.7,67.8
225,Northern Arizona,33,10,23,104.9,109.5,50.5,55.3,15.9,17.2,26.9,25.7,27.4,38.7,48.6,55.7,35.7,36.5,38.2,38.6,67.5
226,South Carolina,32,11,21,101.4,105.9,46.9,52.6,19.9,15.9,32.7,32.5,26.8,29.4,45.8,53.7,32.3,33.8,40.9,36.3,65
227,Northwestern St.,32,21,11,103.2,107.8,51.3,51,17.3,21,33.3,33.6,27.2,38.7,49.8,51.8,35.8,32.9,38.1,33.6,67.3
228,Portland St.,29,10,19,102,106.6,49.6,55,16.8,21.3,24,31.4,34.8,46.6,49.7,55,33,36.8,36.1,33.5,73.1
229,Loyola Chicago,31,10,21,100.8,105.5,52.9,51.6,22.1,17.9,24.5,28.5,31.1,37.5,54.8,51.7,33.4,34.4,40.2,38.1,66.8
230,Campbell,32,14,18,103,107.9,52.7,52.5,18.1,18.4,24.4,27.8,38,32.1,54.7,53.2,32.9,34.4,38.6,41.3,65
231,Howard,31,19,12,100.9,105.7,52,50.6,22.8,20.7,33.8,31.6,32.8,34.6,49.9,50.8,37.2,33.6,36.1,37.1,69.7
232,Milwaukee,29,18,11,100.9,105.8,51.8,48.2,21.5,17.7,32.7,32.8,31.9,29.4,51.4,49,35,31.4,38.2,41.6,72.5
233,Northern Colorado,31,12,19,104.8,110,52.4,53.1,17.5,14,24.3,27,31.4,31.7,51,54.5,36.4,33.4,39.6,33.5,70.3
234,Army,31,15,16,102.3,107.5,53.8,51.4,19.1,15.6,25.4,24.2,31.3,28.5,54.7,52.4,34.9,33.1,37.9,37.9,69.3
235,North Dakota St.,31,14,17,101.5,106.8,51.7,50.8,16.9,12.4,24.4,22.6,32.2,27.1,52.2,50.6,33.9,34.2,38,35.8,68.9
236,North Florida,29,12,17,106.6,112.3,53.3,52.4,17.3,14,26.2,32.9,28.4,23.5,52.1,52.1,36.4,35.5,47.8,29.3,68.8
237,Rhode Island,31,9,22,96.8,101.9,44.2,49.1,20.4,17.2,31.6,29.5,37,31.7,43.6,49.6,30.4,32.1,31.3,34.7,67.9
238,Wofford,30,14,16,106.6,112.4,52.4,54.8,16.3,16.6,28.6,28.7,30,26.4,55.1,56.1,32.1,35.3,39.1,42.8,65.8
239,Fort Wayne,30,15,15,98.9,104.3,50.5,51.9,18.9,17.7,27.1,26.1,28.7,23,50.8,55.2,33.5,31.2,47,39.5,69.7
240,UT Arlington,29,8,21,98.2,103.6,45.9,51.9,21.1,20.1,32.7,30.8,29.7,39.5,44.9,49.6,31.9,37.1,34.7,37.8,66.6
241,UMBC,31,17,14,104.5,110.5,51.3,52.9,14.8,16.9,26.4,26.8,27,25.6,51.8,50.6,33.8,37.7,39.6,38.9,68.4
242,UC San Diego,28,8,20,101.3,107.2,49.6,51.8,17.9,16.5,23.2,29.3,26.1,27.9,49.6,49.7,33,37.1,39.2,35.6,66.7
243,Jacksonville St.,28,10,18,100.1,106.1,50.5,52.5,20.2,16.5,29.4,24.1,31.8,29.5,47.9,52.7,36,34.9,43.4,49.2,66.2
244,Robert Morris,31,14,17,96.9,102.9,49.2,49.6,19.5,19.1,29.7,28.5,26.9,31.1,50.4,47.4,31.4,36.2,36.6,31.9,66.9
245,Idaho St.,30,9,21,100.2,106.7,50.8,51.4,17.2,17.8,24.6,27.2,28.9,35.5,51.3,52.6,33.3,32.5,39.8,33.5,65.9
246,Sacramento St.,30,12,18,101.3,107.8,50.8,52.2,20.8,14.5,32.9,24,27.5,25.8,50,51.6,34.9,35.7,35.5,30.7,63
247,SIU Edwardsville,30,16,14,98.2,104.7,48.5,49,18.5,19.2,30.6,29.4,40.3,34.6,48.5,48.1,32.3,33.6,37.5,36.2,69.9
248,Winthrop,30,13,17,106.2,113.3,55.1,54.8,20.6,17.4,25.9,34.2,41.6,31,53.8,55.5,37.9,35.8,44.9,38,67.6
249,East Tennessee St.,30,10,20,99,105.7,50.5,50.8,19.5,17.5,29.9,28.9,31.2,26.9,51.8,51.8,32.1,32.9,34.9,43.1,66.6
250,Bellarmine,30,12,18,101.1,107.9,51.7,54.7,18.2,17.7,20.6,28.1,25.4,31.8,53.9,55,32.6,36.3,43.2,52,62.7
251,Northern Illinois,30,12,18,98.5,105.5,52.2,50.7,20.3,18.6,25,32.8,34.3,35.8,52.1,51.7,34.9,32.7,36.8,36.3,69.7
252,North Alabama,29,15,14,102.8,110.1,51.3,52.4,15.6,15.2,23.2,28.1,30.9,32,49.9,50,36.1,37.7,34.6,36.6,69.2
253,Western Carolina,30,15,15,100.1,107.2,49,51.1,15.7,15.7,25.8,25.5,34.5,34,48.1,51.7,33.6,33.1,41.5,30.2,68.3
254,Canisius,29,9,20,99.9,107,48.6,52.8,17.5,18.7,28.4,29.9,24.9,27.7,47.4,52,33.6,36.4,40.1,32,68.4
255,Niagara,30,15,15,99.3,106.5,50.3,49.8,18.5,16.9,26.5,28.6,30,33.5,50.1,48,33.8,36,34.4,30.3,63.7
256,California,32,3,29,95.9,103.1,43.7,51.6,20.1,16,25.3,30.4,31.5,32.6,43.2,52.5,29.8,33.4,30.9,38.3,64.1
257,USC Upstate,29,14,15,97.5,104.7,51.1,50,19.5,20.5,24.5,32.7,32.2,43.8,51.5,49.3,33.6,34.2,34.8,35.6,68.6
258,Mount St. Mary's,32,12,20,96.2,103.5,48.6,48.9,20.8,17.9,27.8,29.9,26,29.2,45.8,48,36,33.7,33.9,36.1,66.5
259,UT Rio Grande Valley,28,11,17,101.4,109,51.2,52,22.2,16.9,29,29.5,45.9,38.9,51.7,51.9,33.5,34.8,35,34.8,73.3
260,Southeastern Louisiana,29,15,14,102,109.8,50.9,54.2,16.9,19.8,27.6,29.9,32.1,33.4,49.1,52.1,36.4,38.2,34.1,40.8,69.5
261,Alcorn St.,31,18,13,99.3,107.1,45.5,51.4,18.3,21.1,33.5,31.3,35.1,39.1,46,52.5,29.6,33.2,29.7,40.5,68
262,Fairfield,30,12,18,97.2,104.9,46,49.3,18.2,17.8,28.6,29.5,37.9,28.1,47.8,51.7,28.6,29.3,36.6,31.5,65.7
263,Lafayette,34,11,23,94.3,101.8,48.7,50.8,17.9,18.2,23.8,25.3,24.5,29.4,48.4,50.6,32.7,34.1,48.4,41.2,63.7
264,Dartmouth,26,8,18,97.6,105.5,50,51.3,20.2,16.5,23.5,26.2,29.1,31.7,50.8,51.6,32.6,34,41.6,35,69.4
265,Nicholls St.,27,12,15,97.8,105.7,50.3,52.5,18.5,23.7,29.3,33.7,27.6,47.6,50.5,51.4,33.3,36.2,35.9,38,71.3
266,UTSA,30,8,22,100.9,109.2,47.4,52.5,19.5,15.4,28.5,31.2,37.4,30.6,45.3,51.9,33.8,35.6,38.5,37.8,69.8
267,Southeast Missouri St.,33,17,16,98.7,106.9,50,51.6,17.3,19,25.3,27.9,38.3,43.6,50,50.8,33.3,35.3,39.8,35.5,72.9
268,American,32,17,15,100,108.5,54.4,51.8,22,19.2,28.3,27.9,27.9,32.1,55.8,48.7,34.6,38.5,36.1,33.7,63.2
269,Louisiana Monroe,29,8,21,96.5,104.8,45.2,51.7,18.7,17.6,27.3,29.9,30,28.6,41.6,50.3,34.2,36,37.6,38.6,66.8
270,Bowling Green,29,9,20,102,110.8,50.5,54.1,17.5,16.3,29.8,28,32.5,33.6,50.4,53.8,33.8,36.4,35.5,37.3,70.3
271,Prairie View A&M,30,11,19,92.9,101,44.8,48.2,19.6,21.2,31.7,28.7,33,41.8,44,47.3,30.9,33.3,33.7,34.5,68.3
272,Maryland Eastern Shore,27,14,13,92.3,100.5,47.6,50.6,21.1,24.9,27.1,31.7,31.4,34.4,46.8,51.4,32.6,32.9,39.5,37,70.1
273,Louisville,32,4,28,99.1,107.9,48,54.1,22.3,15.2,28.2,30.1,32.9,30.6,47.3,54.9,32.9,35.2,35.8,39.7,67.3
274,Illinois Chicago,31,11,20,97.1,105.8,48.7,51.2,18.3,19.6,22.7,30.3,34.1,33,47.9,51.1,33.2,34.3,43.3,34.5,69.7
275,Maine,28,11,17,97.9,106.9,51.1,53.4,18.7,20.3,22.9,30,23,28.7,51.5,54.4,33.5,34.6,35.6,36.9,66.4
276,Tennessee Martin,29,15,14,100,109.2,50.4,49.6,16.8,16.8,27,29,36.1,34,51.9,50.5,31.9,32.3,36.4,41.3,71.8
277,New Hampshire,28,13,15,96.1,104.9,45.8,49.1,15,16.2,26,27.4,29.6,30.2,42.8,50,33.4,31.5,41,32.3,64.8
278,North Dakota,31,11,20,101.4,110.7,51,53.5,16.7,15.5,25.7,27.4,27.3,28,50.6,53,34.4,36.4,44.5,31.4,67.7
279,Oakland,31,12,19,101.5,110.9,49.2,54.8,15.1,18.7,24.2,32.7,31.6,22.5,51.3,53.9,30.6,37.5,39.6,39.2,69.2
280,Miami OH,29,9,20,101.6,111.1,52,53.8,19.6,17.8,26.6,32.6,32.1,37.1,53.8,54.1,32.9,35.4,41.1,36,67.5
281,Southern Indiana,29,13,16,101.1,110.6,50.5,51.8,18.3,16.7,32.6,25,33.4,40.3,47.2,51,36.6,35.2,42.6,39.9,70.1
282,Denver,30,13,17,99.4,109,52.3,51.7,21.4,15.6,29.8,27.4,39.4,27.7,53.4,52.2,32.9,33.9,26,40,69.3
283,Tennessee Tech,30,13,17,99.9,109.5,51.4,51.7,17.8,18,23.8,30.2,29.9,25.8,48.1,52.1,37.3,34,42.5,39.2,67.1
284,Southern,30,13,17,94.6,103.9,48.5,51.4,20.5,23,24.4,28.6,34.5,42.9,48,51.6,32.8,34,40,40.4,71.7
285,Georgia St.,28,7,21,95.9,105.3,45.6,50.7,19.5,17.5,30.1,29.5,33.5,35.4,46.5,48.6,29,36.5,30.6,33.8,67.7
286,Coastal Carolina,28,8,20,102.5,112.6,47.5,53.1,17.8,15.5,30.3,30.7,28.9,29.3,48.4,51.3,30.6,36.7,37.9,47.1,68.8
287,Tulsa,30,5,25,98.4,108.2,47.9,53.6,19.1,17,24.9,33,26.7,27.8,48.6,57.9,31.3,31.3,42.4,39.6,68.8
288,Tennessee St.,28,14,14,99.1,109,50.9,49.9,17.3,18.5,26.9,28.2,35.1,42.4,49.6,49.5,35.1,33.8,40.8,34.5,71.2
289,Marist,33,13,20,95.8,105.4,47.9,47.9,18.1,16.8,25.9,28.9,28.9,28.4,46.9,45.1,32.8,35,42.4,37.6,66.3
290,Texas Southern,32,12,20,94.8,104.3,46.2,49.3,20.3,18.5,29.3,27.7,34.9,38.1,47.4,48.7,28.7,33.6,28.1,34.9,70.1
291,Lehigh,28,14,14,96.1,105.8,49.8,50.3,17.4,16.6,18.8,26.7,31.1,28.5,48.4,50.9,35,32.8,33.6,34.8,70.2
292,Bucknell,31,11,20,97.9,108,51.3,51.2,20.2,15.4,25.4,25,26.9,27.7,51.1,49.4,34.5,36.4,37,35.8,67.5
293,Charleston Southern,29,8,21,104.1,115,50.3,54.3,18.1,16.7,32.2,31,27.4,36.6,49.7,54.3,34.1,36.2,39.3,40.2,66.3
294,Illinois St.,32,11,21,97.9,108.2,50.2,51.8,21.8,16.7,28.2,26.7,31.3,34,50,52.6,33.6,33.7,40.6,37.7,65.7
295,Arkansas St.,30,10,20,97.8,108.2,47.6,50.3,18.1,16.6,28.8,28,35.1,34.8,45.5,48,34.6,36.4,33.5,33.8,63.9
296,Boston University,31,14,17,95.9,106.1,47,50.5,17.8,18.3,28.7,24.6,29,36.5,45.9,50.3,32.4,33.8,38.7,39.3,66.2
297,Cal St. Bakersfield,31,9,22,93.3,103.3,44.6,51.1,19.8,20.5,27.2,28.4,29.4,43.6,43.7,50.2,31.5,34.9,24.6,42,63.7
298,Valparaiso,31,10,21,95.9,106.2,49,51.5,18.1,15.6,22.5,24.5,27.9,31.8,51.9,51.6,29.2,34.3,36.2,37.8,68.7
299,High Point,29,12,17,98.8,109.5,50.2,50.7,19.6,16.3,30.8,32,38.7,35.3,51.4,52,32.3,32.5,39.5,38.4,72.2
300,Northeastern,30,10,20,96.3,106.8,47.9,50.1,21.3,14.5,31.7,26.9,27.7,31.7,46.8,49.2,33.2,34.9,37.2,29.5,67.7
301,Cal Poly,31,6,25,92.5,102.7,45.8,50.4,20.9,18.6,24.5,24.5,31,42.3,46.7,49.3,29.3,34.9,35.9,35.1,64.7
302,Merrimack,32,16,16,88.9,98.7,48.3,49.1,20.7,26,20.5,35.6,34.6,26.9,48.2,48.9,32.3,33,43.8,32.5,66.9
303,Western Illinois,27,13,14,99.8,111.1,50.1,53.4,15.1,16.4,26.9,26.7,31.4,27.4,51.8,54.6,31.5,33.9,37.5,32.2,67.4
304,Idaho,30,8,22,100.6,112.2,52,54.3,17.2,16.1,19.6,27.8,35.8,31.6,54.2,52.6,32,38.7,36.2,32.5,66.6
305,Chicago St.,27,7,20,100.1,111.8,48.8,53.3,21.3,16.7,33.5,33.2,31.9,35.9,48.4,53.1,32.9,35.7,41.8,37.4,65.6
306,South Dakota,29,10,19,100.6,112.5,50.1,52.7,17.3,14.4,24.9,27.1,28.1,31.8,45.5,51.8,37.9,36.1,40.2,40.2,66.7
307,Fairleigh Dickinson,32,17,15,104.6,117.1,51.5,55.8,16.3,21.4,31.4,28.9,27.9,34.8,51.4,56.1,34.4,36.9,37,40.1,69.5
308,Saint Peter's,31,13,18,95.1,106.5,43.9,49.5,19.5,19.7,36.4,30.6,28.4,51.4,44.1,48.4,29,34.3,35.3,35.7,63.8
309,William & Mary,31,11,20,98.9,110.8,49.4,53.9,18.8,17,27.4,29.9,29.2,27.4,46.3,54.3,36.3,35.5,37.8,36.9,65.8
310,Wagner,26,13,13,92.8,104,44.9,49.1,19.1,20.9,34.4,24.8,25.2,47,44.7,50.2,30.2,31.5,35.3,36.7,62.9
311,Binghamton,29,11,18,97.3,109.3,49.5,50.5,19.4,15.1,28.7,27.3,28.2,35.4,50,50.8,32.4,33.2,30.1,35.2,66.7
312,Jackson St.,33,14,19,97.2,109.1,47.5,52.5,22,19.1,32.9,29.1,32.9,34,47.1,52.1,32.1,35.4,34.2,39.2,68.9
313,Morgan St.,26,10,16,93,104.7,47.1,50.8,22,23.8,30.2,37.3,30.9,42.9,44.4,52.4,35.5,31.8,29.9,33.9,71.1
314,Alabama A&M,30,12,18,94.7,107,48.6,49.4,21.4,21.4,29.5,33.9,35.9,41.8,46.9,48.5,34.7,33.8,32.7,39.9,69.1
315,Texas A&M Commerce,32,12,20,98.6,111.5,52.4,52.8,18.9,17.7,26.5,29.9,28.3,37.9,56.2,53.1,31.9,34.8,45.6,34.9,66.3
316,Manhattan,29,11,18,95.7,108.2,49.2,51.3,19.8,20.5,26.6,34.2,31.5,30.5,49.1,49.1,32.9,36.8,36.1,36.2,67.7
317,Eastern Michigan,30,7,23,99.9,113,49.2,55.6,16.9,17.1,25.1,32.8,32.2,35,50.3,58.7,31.4,34.1,33.5,41.4,70
318,Nebraska Omaha,31,8,23,98.5,111.5,48.5,53.2,18.5,15.8,24.2,28.9,29.6,33.4,47.7,52,33.7,36.5,29.4,40.9,68.6
319,Arkansas Pine Bluff,27,6,21,93.2,105.5,45.2,51.4,21.6,21.4,26.6,29,33.8,43.2,44,51.1,31.1,34.5,43.4,35.7,70.4
320,UMKC,30,10,20,94.1,106.5,43.4,50.1,19.9,17.3,35.9,29.4,33.3,39.4,44.7,48.9,27.3,34.6,35.5,40.5,64.6
321,North Carolina A&T,29,10,19,97.1,109.9,47.4,50.6,17.5,15.7,24.6,30.2,30,28.5,46.2,51,32.9,33.2,40.5,38.6,70.7
322,Elon,30,6,24,96.7,109.6,47.8,52.1,18.4,17.1,24.9,30.6,27.5,29,50.5,51.4,29.2,35.2,40.3,45.7,66.9
323,Stonehill,30,13,17,94.1,107.1,50.9,50.2,19.7,19.8,19.1,31.4,32.2,27.3,49.9,49,34.8,34.6,41.3,40.8,67.4
324,NJIT,29,6,23,96.4,109.8,48.3,52.3,16,14.9,23.4,29.1,28.2,27.9,46.1,53.2,35.2,34,32.5,39.2,67
325,St. Francis PA,29,11,18,100.2,114.2,51.9,51.9,18.3,14.7,25.3,28.9,32.8,29.9,50.4,52.7,36.4,33.7,35.8,35.1,69.1
326,Austin Peay,28,6,22,95.6,109.2,46.3,54.7,17.4,19.5,26,31.9,26.1,37,46,56.4,31.2,34.4,38.5,35.2,65.6
327,Loyola MD,31,11,20,96.8,110.8,51.3,55.5,20.4,20.2,26.6,28.7,28.2,29.8,50,55.3,35.6,37.1,38.9,36.8,66.6
328,Central Arkansas,30,8,22,97.2,111.3,47.1,54.7,18.1,16.7,27.9,30.5,24.3,28.9,46.8,54.8,31.6,36.3,41.3,39.2,73
329,Cal St. Northridge,30,5,25,94,107.7,44.1,50.4,19.6,18,27.3,30.5,36.6,39,42.8,49.6,31.2,34.6,32.9,38,65.9
330,McNeese St.,33,10,23,97.8,112.4,49,55,21.6,18.4,33.3,30.9,29.2,34.9,49.2,52.1,32.4,39.7,39.9,38.5,66.9
331,New Orleans,30,10,20,96.6,111.2,52.7,54.1,23.6,20.2,29.8,32.7,36.5,39.9,51.1,54.1,37.9,36.2,29,36.4,71.8
332,Little Rock,29,8,21,99.6,114.7,49.2,56.1,18,19.2,29.3,30.4,31.9,37,49.4,54.1,32.5,39.5,29.9,38.7,71.6
333,Western Michigan,28,5,23,100.1,115.4,48.8,54.8,19.1,14.4,33,27.6,27.8,33.1,49.3,54.4,32.1,37,42,39.8,66.3
334,The Citadel,31,9,22,96,110.7,49.3,52.4,18.2,16.9,20.8,31.7,28.9,33.9,49.6,53.5,32.5,33.9,38.7,41.5,67.9
335,Sacred Heart,32,15,17,94.8,109.7,48.4,50.2,18.8,19.4,28.8,30.8,27.6,26.5,49.8,49.7,30.6,34.1,36.1,36.9,70.6
336,Incarnate Word,28,9,19,94.9,110.1,48.5,54.4,20,20.5,26.3,33.2,33.3,32.7,47.3,53.9,34.1,36.8,32.6,33.4,67.6
337,Stony Brook,31,9,22,94.2,109.5,47.5,50.3,19.6,14,21.9,27.4,29.4,26.2,48.1,50,31.1,33.8,44.4,43.8,64.6
338,Central Michigan,29,8,21,91.7,106.7,46.5,51.9,22.9,19.2,30.5,32.5,36.9,41,47.4,50.9,30,35.6,38.1,40.5,68.1
339,Presbyterian,30,3,27,93.1,108.4,47.3,54,20.8,18.4,29.9,29.5,36.5,39.1,47.3,52,31.5,38.5,36.3,35,65.3
340,South Carolina St.,30,4,26,97.7,114.2,46.9,57.7,20.9,21,34.2,34.5,29.2,43.5,47.3,56.8,30.8,39.5,34,36.7,72.5
341,Columbia,27,5,22,92.9,108.7,45.5,52,19.9,17.6,25.3,30.9,28.1,28.8,45.4,53.2,30.4,33.1,40.7,34.5,70.5
342,Coppin St.,32,9,23,97.4,114.1,51,53.2,20.1,18.5,18.6,35.7,37.2,34.2,51.4,55,33.7,33.8,44.4,41.5,72.7
343,Central Connecticut,32,10,22,95.7,112.3,48.1,51.3,17.9,16.4,28.5,28.2,23.3,26.5,47.5,50.2,32.7,35.4,35.7,37.2,65.1
344,Holy Cross,30,8,22,92.6,108.9,48.5,51.8,17.5,17.4,21.5,30.1,25.5,27.8,46.5,53.9,35.3,31.9,32,35.5,69.7
345,Lindenwood,29,8,21,93.8,110.7,48.8,52.4,19.5,17.8,23,31,28.3,31.1,45.7,52,36.2,35.2,35.6,41.3,67.8
346,Albany,29,6,23,96.8,115.1,47.3,55.3,19.2,16.6,27.8,26.7,31,36.8,46.6,56.5,32.2,35.3,41.2,34.1,68.1
347,Hampton,31,7,24,96.1,114.7,45.1,53.9,16,15.7,26.5,30.3,32.1,35.3,43.4,52.2,32.1,37.9,36.6,36.7,69.6
348,Houston Christian,29,7,22,99.9,119.4,51.4,57.5,21.1,16.7,28,31.6,40.6,33.3,49.5,57.9,36.1,37.8,40.7,33,71.4
349,Evansville,32,5,27,90.2,107.8,45.1,55.8,17.6,18.9,20.7,25.5,29.4,30.1,43.4,54.8,32.2,38.1,33.6,41.2,70.3
350,Bethune Cookman,30,10,20,95.2,113.9,46.6,52.7,18.3,19.3,26.9,34.7,32.1,35.2,43.1,52.1,35.8,35.8,33,36,69.5
351,Eastern Illinois,29,7,22,92,110.2,48,52.2,19.2,19.7,25.3,32.2,32.4,32.5,47.7,52.4,32.6,34.6,27.7,42.6,68.7
352,Alabama St.,30,7,23,91.4,109.7,42.3,49.7,18.7,17.7,31.7,34.4,31.2,34.6,40.4,48.9,30.8,34.2,33.1,34.7,67.1
353,VMI,29,4,25,96.8,116.3,47.8,56.9,19.3,14.6,28.9,27.3,21,28.1,45,57.7,34.2,37.4,44.1,50.1,67.5
354,Monmouth,33,7,26,90.5,109,43.8,54.4,21.1,21,30.3,32.9,33.1,38.8,44,53.4,28.8,37,25.1,46,69.1
355,St. Francis NY,28,12,16,90.3,108.9,45.9,50.5,21.1,19.6,30.9,31.8,31.1,31.6,41.6,47.1,36.5,39.7,33.1,27.4,66.6
356,Lamar,28,6,22,93.4,114,47.6,53,21.2,17.1,31.9,33.5,32.2,30.8,47.5,54.5,31.9,34.1,30.6,43.9,66.5
357,Delaware St.,27,5,22,90.8,110.8,45.7,54.4,23.5,19,30.1,29.4,29.3,37,45.1,50.6,31.4,39.5,31,43.2,68.4
358,Mississippi Valley St.,32,5,27,90.6,110.8,45.4,53.3,23.4,19.5,28.7,32.4,38,39.8,42.8,53,34.9,35.8,27.6,39.5,67.9
359,Florida A&M,27,5,22,88.2,108.1,45,51.1,24,18,27.6,33.6,31.4,44.6,43.2,51.8,32.1,33.2,35.5,34.6,65.8
360,IUPUI,30,3,27,94,117.2,49.7,55,23.2,16.7,29,31.9,32.2,36,51.7,54.6,29.8,37.2,28.8,39.2,67.8
361,Green Bay,32,3,29,90.5,114.1,46,54.8,21.1,16.1,21.7,32.4,31.5,31.6,46.6,56.1,30.1,35,43.5,34.6,65.9
362,Hartford,25,2,23,88.7,116.7,47.7,55.4,22.7,17.6,25.2,33.5,24.1,27.7,47.4,53.8,32,38.7,40.3,37.5,66.2
363,LIU Brooklyn,27,1,26,86.4,115.6,45.6,55.1,22.7,16.7,24.7,30.3,31.7,32.1,44.8,54.6,32,37.4,24.3,35.2,73.3